{
	"format_version": "1.8.0",
	"animations": {
		"animation.luopo.walk": {
			"loop": true,
			"animation_length": 1.33333,
			"bones": {
				"Body": {
					"rotation": {
						"0.0": {
							"vector": [0, 0, 0]
						},
						"0.1667": {
							"vector": [-0.99985, -0.01745, -0.99985]
						},
						"0.3333": {
							"vector": [0.00061, -0.0349, -1.9997]
						},
						"0.5": {
							"vector": [0.99985, -0.05235, -0.99985]
						},
						"0.6667": {
							"vector": [1.99863, -0.08724, -0.00046]
						},
						"0.8333": {
							"vector": [1.9968, -0.1221, 0.99894]
						},
						"1.0": {
							"vector": [0.99361, -0.17435, 1.99758]
						},
						"1.1667": {
							"vector": [-0.00335, -0.13953, 0.99787]
						},
						"1.3333": {
							"vector": [0, 0, 0]
						}
					}
				},
				"LeftFoot": {
					"rotation": {
						"0.0": {
							"vector": [0, 0, 0]
						},
						"0.0833": {
							"vector": [-12.5, 0, 0]
						},
						"0.1667": {
							"vector": [0, 0, 0]
						},
						"0.25": {
							"vector": [12.5, 0, 0]
						},
						"0.3333": {
							"vector": [0, 0, 0]
						},
						"0.4167": {
							"vector": [-12.5, 0, 0]
						},
						"0.5": {
							"vector": [0, 0, 0]
						},
						"0.5833": {
							"vector": [12.5, 0, 0]
						},
						"0.6667": {
							"vector": [0, 0, 0]
						},
						"0.75": {
							"vector": [-12.5, 0, 0]
						},
						"0.8333": {
							"vector": [0, 0, 0]
						},
						"0.9167": {
							"vector": [12.5, 0, 0]
						},
						"1.0": {
							"vector": [0, 0, 0]
						},
						"1.0833": {
							"vector": [-12.5, 0, 0]
						},
						"1.1667": {
							"vector": [0, 0, 0]
						},
						"1.25": {
							"vector": [12.5, 0, 0]
						},
						"1.3333": {
							"vector": [0, 0, 0]
						}
					}
				},
				"RightFoot": {
					"rotation": {
						"0.0": {
							"vector": [0, 0, 0]
						},
						"0.0833": {
							"vector": [12.5, 0, 0]
						},
						"0.1667": {
							"vector": [0, 0, 0]
						},
						"0.25": {
							"vector": [-12.5, 0, 0]
						},
						"0.3333": {
							"vector": [0, 0, 0]
						},
						"0.4167": {
							"vector": [12.5, 0, 0]
						},
						"0.5": {
							"vector": [0, 0, 0]
						},
						"0.5833": {
							"vector": [-12.5, 0, 0]
						},
						"0.6667": {
							"vector": [0, 0, 0]
						},
						"0.75": {
							"vector": [12.5, 0, 0]
						},
						"0.8333": {
							"vector": [0, 0, 0]
						},
						"0.9167": {
							"vector": [-12.5, 0, 0]
						},
						"1.0": {
							"vector": [0, 0, 0]
						},
						"1.0833": {
							"vector": [12.5, 0, 0]
						},
						"1.1667": {
							"vector": [0, 0, 0]
						},
						"1.25": {
							"vector": [-12.5, 0, 0]
						},
						"1.3333": {
							"vector": [0, 0, 0]
						}
					}
				}
			}
		},
		"animation.luopo.idle": {
			"loop": true,
			"animation_length": 2,
			"bones": {
				"Body": {
					"rotation": {
						"0.0": {
							"vector": [0, 0, 0]
						},
						"0.5": {
							"vector": [0, 0, -1],
							"easing": "easeOutSine"
						},
						"1.5": {
							"vector": [0, 0, 1],
							"easing": "easeInOutSine"
						},
						"2.0": {
							"vector": [0, 0, 0],
							"easing": "easeInSine"
						}
					},
					"position": {
						"vector": [0, 0, 0]
					},
					"scale": {
						"vector": [1, 1, 1]
					}
				}
			}
		},
		"animation.luopo.run": {
			"loop": true
		},
		"animation.luopo.attack": {
			"loop": true
		}
	},
	"geckolib_format_version": 2
}